{
    "questions": [
      {
        "question": "Who was the first President of India?",
        "options": [
          "Dr. Rajendra Prasad",
          "Dr. B.R. Ambedkar",
          "Sardar Vallabhbhai Patel",
          "Jawaharlal Nehru"
        ],
        "answer": "Dr. Rajendra Prasad",
        "topic": "History",
        "mockTest": "WBCS Prelims 2024 - Full Mock Test 1"
      },
      {
        "question": "Which is the longest river in India?",
        "options": [
          "Ganga",
          "Yamuna",
          "Godavari",
          "Brahmaputra"
        ],
        "answer": "Ganga",
        "topic": "Geography",
        "mockTest": "WBCS Prelims 2024 - Full Mock Test 1"
      },
      {
        "question": "What is the chemical symbol of Gold?",
        "options": [
          "Ag",
          "Au",
          "Pb",
          "Fe"
        ],
        "answer": "Au",
        "topic": "Science",
        "mockTest": "WBCS Prelims 2024 - Full Mock Test 1"
      },
      {
        "question": "Which Article of the Indian Constitution deals with the Fundamental Rights?",
        "options": [
          "Article 12-35",
          "Article 36-51",
          "Article 52-78",
          "Article 79-122"
        ],
        "answer": "Article 12-35",
        "topic": "Polity",
        "mockTest": "WBCS Prelims 2024 - Full Mock Test 1"
      },
      {
        "question": "Who is known as the Missile Man of India?",
        "options": [
          "Dr. Vikram Sarabhai",
          "Dr. A.P.J. Abdul Kalam",
          "Dr. Homi Bhabha",
          "Dr. C.V. Raman"
        ],
        "answer": "Dr. A.P.J. Abdul Kalam",
        "topic": "Current Affairs",
        "mockTest": "WBCS Prelims 2024 - Full Mock Test 1"
      }
    ]
  }
  